country,speciescode,speciesname,reintro_alternative_speciesname,reintro_common_speciesname,reintro_period,location_number,successful,additional_info
DE,1203,Hyla arborea,Hyla arborea,Laubfrosch,2014-2016,Ascheberg 1600,Y,
DE,1203,Hyla arborea,Hyla arborea,Laubfrosch,2014-2016,Bekmissenteich 872,Y,
DE,1197,Pelobates fuscus,Pelobates fuscus,Knoblauchkröte,2012-2016,Telgte 2000,Y,
DE,1197,Pelobates fuscus,Pelobates fuscus,Knoblauchkröte,2012-2015,Ahlefeld 4955,Unk,
DE,1197,Pelobates fuscus,Pelobates fuscus,Knoblauchkröte,2012-2015,Bistensee 3300,Y,Einzelne Rufer in 2017
DE,1197,Pelobates fuscus,Pelobates fuscus,Knoblauchkröte,2012-2015,Holzbunge 2560,Unk,
CZ,1335,Spermophilus citellus,,,2017-2018,Píse?ný vrch 114,Y,"V roce 2017 byla založena nová lokalita Písečný vrch (cca 30 km od nejbližší stávající lokality, ale v rámci jednoho kraje), kam bylo ve dvou termínech vypuštěno celkem 57 jedinců (27 samců a 30 samic). V roce 2018 byla kolonie posílena opět 57 jedinci (29 samic a 28 samců). U syslů vysazených v loňském roce byla potvrzena úspěšná reprodukce."
CZ,6169,Euphydryas maturna,,,2018-2018,Libický luh 3230,Unk,"V roce 2018 proběhla reintrodukce hnědáska osikového do NPR Libický luh, který je vzdálený asi 12 km od původní lokality výskytu PR Dománovický les. Celkem bylo vysazeno cca 3 230 jedinců (během tří termínů), kteří pocházeli (pravděpodobně, bylo by nutné ověřit) z umělých odchovů."
DE,1197,Pelobates fuscus,Pelobates fuscus,Knoblauchkröte,2012-2015,Lehmberg 2100,Y,Einzelne Rufer  in 2017
DE,1197,Pelobates fuscus,Pelobates fuscus,Knoblauchkröte,2012-2015,"Lottorf, Geltorf 1015",Unk,
DE,1197,Pelobates fuscus,Pelobates fuscus,Knoblauchkröte,2012-2015,Schäferhaus 9797,Unk,
DE,1197,Pelobates fuscus,Pelobates fuscus,Knoblauchkröte,2012-2015,Selk 4220,Y,Rufer in 2017
DE,1113,Coregonus oxyrhynchus,Coregonus oxyrinchus s.l.,Nordseeschnäpel,2014-2015,Alte Aller 50000,Unk,Der Erfolg der Wiederansiedlung kann noch nicht abgeschätzt werden. Bisher liegen dem Dezernat nur Einzelnachweise adulter Tiere (Rückkehrer) aus der Weser vor. Aktuell keine natürliche Reproduktion!
DE,1197,Pelobates fuscus,Pelobates fuscus,Knoblauchkröte,2012-2015,Wittensee 1420,Unk,
DE,1214,Rana arvalis,Rana arvalis,Moorfrosch,2014-2018,"1 NSG im Kreis Groß-Gerau, 2017 einmalig weitere 7 Ausbringungsorte in Schutzgebieten in den Landkreisen Groß-Gerau, Offenbach, Darmstadt-Dieburg und 1 Ausbringungsort im Bundesland Rheinland-Pfalz 100000",Unk,"Herkunft der Larven aus Laichballen eines Gebietes, wenn diese aufgrund sinkender Wasserstände trocken zu fallen drohen. Aufzucht in Hälterungsbecken und Ausbringung im Larvenstadium. Ein Teil der Larven geht zurück an den Entnahmeort."
DE,5042,Acipenser oxyrinchus,Acipenser oxyrinchus,Baltischer Stör,2008-2018,Untere Oder zwischen Lebus und Garz (Brandenburg) 2000000,Unk,"Anzahl der wiederangesiedelten Individuen ist eine Zirka-Angabe und verteilt sich auf den Gesamtzeitraum; dokumentierte Wiederfänge, Fortführung geplant, früheste erwartete Rückkehrer ca. 2023 (Erfolgskontrolle)"
EE,1356,Mustela lutreola,,Euroopa naarits,2000-2018,Hiiumaa island; 111 individuals,Y,
DE,1193,Bombina variegata,Bombina variegata,"Gelbbauchunke, Bergunke",2012-2017,Bückeberge (LK Schaumburg) 3507,Unk,
DE,1193,Bombina variegata,Bombina variegata,"Gelbbauchunke, Bergunke",2015-2016,"Steinbruch Segelhorst, Landkreis Hameln-Pyrmont 1385",Unk,
DE,1193,Bombina variegata,Bombina variegata,"Gelbbauchunke, Bergunke",2016-2017,"Dörpe/Gelbbachtal, Landkreis Hameln-Pyrmont 331",Unk,
DE,1188,Bombina bombina,Bombina bombina,Rotbauchunke,2016-2017,"Großer/Kleiner See, Banker See zus. ca. 1000 Individuen 1000",Unk,
DE,1188,Bombina bombina,Bombina bombina,Rotbauchunke,2011-2016,Winderatter See 1739,Unk,12 Rufer in 2017
DE,1188,Bombina bombina,Bombina bombina,Rotbauchunke,2012-2015,Ascheberg 3067,Y,>30 Rufer in 2017
DE,1188,Bombina bombina,Bombina bombina,Rotbauchunke,2012-2015,Kükelühner Mühlenau 4693,Y,"23 Rufer  in 2017 (schlechte Bedingungen), Reproduktion in 2 Gewässern; 6 Rufer in 2013"
DE,1188,Bombina bombina,Bombina bombina,Rotbauchunke,2012-2016,Winderatter See 2443,Y,>50 Rufer in 2017
DE,1193,Bombina variegata,Bombina variegata,"Gelbbauchunke, Bergunke",2014-2018,verschiedene Wiederansiedlungsorte (von RLP über NRW bis NI im Rahmen des Gelbbauchunken LIFE Projektes 50000,Unk,
DE,6284,Epidalea calamita,Bufo calamita,Kreuzkröte,2009-2012,Weißenhaus 17773,Unk,Größere Ruferpopulationen sind durch diese Ansiedlung im FFH Gebiet Putlos entstanden....
DE,1203,Hyla arborea,Hyla arborea,Laubfrosch,2010-2018,Dümmer 1,Unk,"Die Fachbehörde erklärte ihr Einverständnis für geplante In-situ-Maßnahmen, eine fachliche Einschätzung zum Projekterfolg kann nicht erfolgen, weil Informationen zum Projektverlauf im landesweiten Artenschutz nicht vollständig vorliegen."
DE,1203,Hyla arborea,Hyla arborea,Laubfrosch,2012-2018,"TK 3709, Stadt Bad Bentheim, Sieringhoek und Brechte 1",Unk,"mehrere tausend Individuen (Ausbringung von Kaulquappen und Jungfröschen in den Jahren 2012, 2013, 2015 und 2016); für 2018 ist eine letzte Besatzmaßnahme geplant."
DE,1203,Hyla arborea,Hyla arborea,Laubfrosch,2008-2014,Kührener Teich 2053,Y,>100 Rufer in 2017
DE,1203,Hyla arborea,Hyla arborea,Laubfrosch,2010-2013,Gowens 1130,Y,
DE,1203,Hyla arborea,Hyla arborea,Laubfrosch,2012-2015,Bistensee 4090,Y,
DE,1203,Hyla arborea,Hyla arborea,Laubfrosch,2012-2015,Bönebüttel 930,Y,
DE,1203,Hyla arborea,Hyla arborea,Laubfrosch,2012-2015,Holzbunge 3870,Y,
DE,1203,Hyla arborea,Hyla arborea,Laubfrosch,2012-2015,Schäferhaus 3054,Unk,
DE,1203,Hyla arborea,Hyla arborea,Laubfrosch,2012-2015,Wittensee 3300,Y,Zahlreiche Rufer in 2017
DE,1203,Hyla arborea,Hyla arborea,Laubfrosch,2013-2014,Tesdorferfeld 1450,Y,
DE,1203,Hyla arborea,Hyla arborea,Laubfrosch,2013-2015,Krusau 2628,Unk,
DE,1203,Hyla arborea,Hyla arborea,Laubfrosch,2013-2015,Lebrade 1250,Y,
DE,1101,Acipenser sturio,Acipenser sturio,Atlantischer Stör,2008-2017,Mittelelbe bei Lenzen (Brandenburg) und Nebenflüsse 19800,Unk,"Anzahl der wiederangesiedelten Individuen ist eine Zirka-Angabe und verteilt sich auf den Gesamtzeitraum; dokumentierte Wiederfänge, Fortführung geplant, früheste erwartete Rückkehrer ca. 2023 (Erfolgskontrolle)"
DE,1113,Coregonus oxyrhynchus,Coregonus oxyrinchus s.l.,Nordseeschnäpel,2010-2015,diverse Buhnenfelder (Elbe) 999999,Unk,insgesamt ca. 1.200.000 Setzlinge über 6 Jahre
DE,1113,Coregonus oxyrhynchus,Coregonus oxyrinchus s.l.,Nordseeschnäpel,2012-2012,Este (bei der Ortschaft Heimbruch) 10000,Unk,Der Erfolg der Wiederansiedlung kann noch nicht abgeschätzt werden. Bisher liegen dem Dezernat nur Einzelnachweise adulter Tiere (Rückkehrer) aus der Weser vor. Aktuell keine natürliche Reproduktion!
DE,1113,Coregonus oxyrhynchus,Coregonus oxyrinchus s.l.,Nordseeschnäpel,2013-2017,Lethe (bei der Ortschaft Nikolausdorf) 20000,Unk,Der Erfolg der Wiederansiedlung kann noch nicht abgeschätzt werden. Bisher liegen dem Dezernat nur Einzelnachweise adulter Tiere (Rückkehrer) aus der Weser und Hunte vor. Aktuell keine natürliche Reproduktion!
DE,1113,Coregonus oxyrhynchus,Coregonus oxyrinchus s.l.,Nordseeschnäpel,2014-2014,Wümme-Südarm (unterste Brücke) 20000,Unk,Der Erfolg der Wiederansiedlung kann noch nicht abgeschätzt werden. Bisher liegen dem Dezernat nur Einzelnachweise adulter Tiere (Rückkehrer) aus der Weser vor. Aktuell keine natürliche Reproduktion!
DE,1113,Coregonus oxyrhynchus,Coregonus oxyrinchus s.l.,Nordseeschnäpel,2015-2016,Wümme-Mittelarm (Ebensiekerweg) 50000,Unk,Der Erfolg der Wiederansiedlung kann noch nicht abgeschätzt werden. Bisher liegen dem Dezernat nur Einzelnachweise adulter Tiere (Rückkehrer) aus der Weser vor. Aktuell keine natürliche Reproduktion!
DE,1061,Maculinea nausithous,Maculinea nausithous,Dunkler Wiesenknopf-Ameisenbläuling,2013-2017,Rhein-Kreis-Neuss 2000,Unk,Genaue Individuenzahl: unbekannt (Eier an Blütenköpfen von Pflanzen des Großen Wiesenknopfs)
DE,2647,Bison bonasus,Bison bonasus,Wisent,2010-2013,Bad Berleburg und Umgebung  8,Unk,
DE,1361,Lynx lynx,Lynx lynx,Luchs,2016-2018,Pfälzerwald 10,Unk,Laufendes Projekt in Anfangsphase
DE,1356,Mustela lutreola,Mustela lutreola,Europäischer Nerz,2010-2015,NSG HA 190 'Meerbruchswiesen' im FFH-Gebiet 094 'Steinhuder Meer 116,Unk,"Ausbringungszeitraum 2010-2014:116 Individuen (65 Männchen, 51 Weibchen)"
DE,1032,Unio crassus,Unio crassus,"Gemeine Flußmuschel, Kleine Flußmuschel",2009-2018,"Einzugsgebiet des Mains, Gewässersystem der Usa, innerhalb und außerhalb des FFH-Gebietes 5617-303 'Usa zwischen Wernborn und Ober-Mörlen' 636000",Unk,Im Berichtszeitraum Infektion von Wirtsfischen mit Glochidien erfolgreich. An kontrollierter Gewinnung von Jungmuscheln in Aufzuchtstation in Luxemburg wird gearbeitet. In einem Nebengewässer der Usa konnten die Jungmuscheln überleben und aufwachsen.
DE,1032,Unio crassus,Unio crassus,"Gemeine Flußmuschel, Kleine Flußmuschel",2010-2017,Lachte bei Beedenbostel (FFH-Gebiet Nr. 86 - 3127-331) 22000,Unk,"Anzahl der zur Parasitierung auf Elritzenkiemen applizierten Glochidien von Unio crassus: 2010 - ca. 900.000 Muschellarven, 2011 - ca. 22.000 Muschellarven. Fortführung in den nachfolgenden Jahren."
DE,1805,Jurinea cyanoides,Jurinea cyanoides,Sand-Silberscharte,2016-2018,2 FFH-Gebiete im Kreis Darmstadt-Dieburg 80,Unk,Projekt Erhaltungskulturen Botanischer Garten Frankfurt/KfW-Stiftung.
DE,1805,Jurinea cyanoides,Jurinea cyanoides,Sand-Silberscharte,2011-2017,DE2833-306 1750,Unk,
DE,1805,Jurinea cyanoides,Jurinea cyanoides,Sand-Silberscharte,2011-2012,Oranienbaumer Heide (DE 4240-301) 2000,Y,Ausbringung von 2000 Samen im Winter 2011/2012
DE,1428,Marsilea quadrifolia,Marsilea quadrifolia,Kleefarn,2017-2017,Kehl 40,Unk,
DE,1437,Thesium ebracteatum,Thesium ebracteatum,Vorblattloses Leinblatt,2016-2018,"Bötersheimer Heide, Landkreis Harburg 47",Y,Umpflanzung aus dem Hauptbestand in Form von Soden (50 x 35 x 18 cm).
DE,1220,Emys orbicularis,Emys orbicularis,Europäische Sumpfschildkröte,2005-2018,2 Standorte in Brandenburg 1,Y,
DE,1220,Emys orbicularis,Emys orbicularis,Europäische Sumpfschildkröte,2013-2017,"10 Gebiete in Süd-, Mittel- und Osthessen 173",Y,"Im Berichtszeitraum 173 Tiere ausgewildert, seit 2002 insgesamt 350 Tiere. Im Berichtszeitraum Emys-Gesamtbestand in Hessen stabil bis leicht steigend, es gab Reproduktionserfolge in mehreren Projektgebieten. Prädatoren-Management wird erforderlich."
DE,1220,Emys orbicularis,Emys orbicularis,Europäische Sumpfschildkröte,2014-2017,NSG HA 190 'Meerbruchswiesen' im FFH-Gebiet 094 'Steinhuder Meer 242,Unk,Ausgewilderte Individuen erreichen erst ab 2017 z. T. die Geschlechtsreife bei erstem Paarungsverhalten im Frühsommer 2016; Auswilderungen sollen bis 2034 fortgesetzt werden.
DE,1220,Emys orbicularis,Emys orbicularis,Europäische Sumpfschildkröte,2010-2018,Oberrhein - Rheinauen 100,Unk,"Erste Reproduktion in freier Wildbahn, langfristige Etablierung noch nicht abzuschätzen. Ein Projekt des NABU."
DE,1263,Lacerta viridis,Lacerta viridis,Östliche Smaragdeidechse,2010-2018,6 Standorte in Brandenburg 1,Y,
BE,1191,Alytes obstetricans,,,2014,Overijse,Unk,
BE,1191,Alytes obstetricans,,,2015,Huldenberg,Y,
BE,6284,Epidalea calamita,,,2017-2018,"Zwin, Knokke-Heist, 5000 indiv.",Unk,
BE,1166,Triturus cristatus,,,2015,Herent,Y,
BE,1166,Triturus cristatus,,,2015,Zoutleeuw,Y,
BE,1166,Triturus cristatus,,,2015,Boortmeerbeek,Y,
ES,1356,Mustela lutreola,,Visón europeo,2017-2017,"a) ES2410060 Río Aragón - Canal de Berdún, ES2410017 Río Aragón (Jaca) y ES2410062 Río Gas (Aragón)
b) 8 individuos (colonización asistida)",N,
ES,1220,Emys orbicularis,,Galápago europeo,2013-2018,11 localidades (ver información adicional); 191 ejemplares,Y,"Localidades, nº de ejemplares y éxito de la reintroducción: P.N. l'Albufera (105 ejemplares, éxito = si); Marjal de Almenara (10 ejemplares, éxito = si); Marjal de Nules (1 ejemplares, éxito = no); Marjal dels Moros (39 ejemplares, éxito = si); P.N. Marjal de Oliva-Pego (3 ejemplares, éxito = si); Rambla Gallinera (20 ejemplares, éxito = si); Marjal de Peñíscola (1 ejemplares, éxito = si); Grao de Castellón (4 ejemplares, éxito = si); Marjal de la Safor (2 ejemplares, éxito = si); Marjal de Rafalell-Vistavella (5 ejemplares, éxito = si); PP Desembocadira río Mijares (1 ejemplares, éxito = si);"
ES,1221,Mauremys leprosa,,Galápago leproso,2013-2018,11 localidades (ver información adicional); 98 ejemplares,Y,"Localidades, nº de ejemplares y éxito de la reintroducción: Albufera de Gaianes (13 ejemplares, éxito = si); Barranco del Carraixet (2 ejemplares, éxito = demasiado pronto para valorar); Barranco Gallinera (1 ejemplares, éxito = no); Charca Ayuntamiento Favara (18 ejemplares, éxito = si); Clot de les Tortugues, Picassent (2 ejemplares, éxito = demasiado pronto para valorar); Marjal de Almenara (1 ejemplares, éxito = demasiado pronto para valorar); Marjal del Moros (4 ejemplares, éxito = si); P.N. fluvial el Turia (16 ejemplares, éxito = si); P.N. l'Albufera (3 ejemplares, éxito = si); Parque municipal Ontenient (8 ejemplares, éxito = si); Río Reatillo, Chera (30 ejemplares, éxito = demasiado pronto para valorar);"
ES,1581,Kosteletzkya pentacarpos,,Malva de marjal,2018,ES0000023 LIC L'Albufera (480 ejemplares),Unk,
ES,1614,Apium repens,,Apio rastrero,2014-2018,"Peñagolosa (16 ejemplares); Aitana, Serrella i Puigcampana (416 ejemplares)",Y,"Éxito de la reintroducción: Peñagolosa (éxito = SI); Aitana, Serrella i Puigcampana (éxito = Demasiado pronto para saberlo )"
ES,1429,Marsilea strigosa,,Trébol de cuatro hojas,2018,"Muntanya del Cavall, Albalat dels Tarongens (30 ejemplares)",Unk,
ES,1486,Diplotaxis ibicensis,,Jaramago de Ibiza,2013-2017,ES5211007 LIC Montgó (142 ejemplares +15000 semillas),Y,
ES,1693,Teucrium lepicephalum,,Zamarrilla de yesar,2017,ES5212009 LIC Algepsars de Finestrat y alrededores (395 ejemplares),Y,
ES,1591,Helianthemum caput-felis,,Jarilla de cabeza de gato,2015-2016,3 localidades; 394 ejemplares,Unk,"Localidades, nº de ejemplares y éxito de la reintroducción: ES5212011  LIC Rambla de las Estacas (30 ejemplares; éxito = NO); ES0000059 LIC Llacunes de La Mata i Torrevieja (194 ejemplares; éxito = Demasiado pronto para saberlo ); Litoral de Alicante (170 ejemplares; éxito = Demasiado pronto para saberlo )"
ES,1464,Silene hifacensis,,Silene de Ifach,2013-2017,6 localidades; 665 ejemplares y 2356073 semillas,Unk,"Localidades, nº de ejemplares y éxito de la reintroducción: ES5211009 LIC Penyal d'Ifac (182 ejemplares + 675059 semillas; éxito = SI); ES5213020 LIC Serres del Ferrer i Bèrnia (634241 semillas; éxito = Demasiado pronto para saberlo); LIC Valls de La Marina (10994 semillas; éxito = NO); ES5213018 LIC Penya-segats de la Marina (374285 semillas; éxito = Demasiado pronto para saberlo);  LIC Serra Gelada i Litoral de la Marina Baixa (8 ejemplares +371802 semillas; éxito = SI); ES5211007 LIC Montgó (80 ejemplares +289700 semillas; éxito = Demasiado pronto para saberlo )"
FI,1056,Parnassius mnemosyne,,,2016-2016,"FI0200102 Rekijokilaakso, 20 ind.",Unk,
FI,1056,Parnassius mnemosyne,,,2016-2016,"FI0100066 Sipoonkorpi, 20 ind.",Unk,
ES,1362,Lynx pardinus,,Lince ibérico,2014-2018,Valle del Rio Matachel. 2014: 8 ejemplares; 2015: 4 ejemplares; 2016: 6 ejemplares; 2017: 7 ejemplares; 2018: 7 ejemplares,Y,"2014: http://www.iberlince.eu/index.php/esp/component/content/article?id=452 - .XGKHwKB7mpo
2015: Reproducción confirmada con el nacimiento 6 de cachorros en libertad.
http://www.iberlince.eu/index.php/esp/sala-prensa-
2016: Reproducción confirmada con el nacimiento 10 de cachorros en libertad
2017: Reproducción confirmada con el nacimiento 7 de cachorros en libertad.
Todas las reintroducciones han sido exitosas excepto en el caso de la realizada en el 2018 que es demasiado pronto para saberlo.

Http://www.iberlince.eu/index.php/esp/component/content/article?id=455 - .XGKIDaB7mpo
http://www.iberlince.eu/index.php/esp/component/content/article?id=493 - .XGKIcKB7mpo
http://www.iberlince.eu/index.php/esp/component/content/article?id=533 - .XGKIpKB7mpo"
ES,1219,Testudo graeca,,Tortuga mora,2014,"Isla de Formentera, 26",Y,
ES,1858,Narcissus nevadensis,,Narciso de Villafuerte,2013-2013,Una localidad (Barranco de Salchite). Número indeterminado de ejemplares,N,
ES,1858,Narcissus nevadensis,,Narciso de Villafuerte,2016-2016,Una localidad (Fuente Grandes). Número indeterminado de ejemplares.,N,
SE,6997,Bufotes viridis,"Bufotes variabilis (Pallas, 1769), Bufo viridis Laurenti, 1768 (pro parte)","Grönfläckig padda (Swedish), Green toad (English)",2006-2013,"Flakskär, Blekinge county, Sweden. Conservation introductions at the islet in the vicinity of the established population at Utklippan. In 2013, 77 one-year old toadlets were introduced.",N,
DE,1614,Apium repens,Apium repens,Kriechender Sellerie,2014-2014,Kiesgrube Possehl Lübeck 100,Y,2017 wurden > 1.400 Pflanzen gezählt
DE,1805,Jurinea cyanoides,Jurinea cyanoides,Sand-Silberscharte,2015-2015,Brühl 200,Unk,"Samenausbringung, es wurden keine einzelnen Individuen ausgepflanzt, die Zahl 200 ist daher aus formalen Gründen eingetragen. Bei der Populationskontrolle im Jahr 2017 wurden 112 juvenile Rosetten gefunden"
ES,1191,Alytes obstetricans,,Sapo partero común,2013-2018,"Macizo de Peñalara, Zona Especial de Conservación ES3110002: Cuenca del río Lozoya y Sierra Norte. 75 sapos parteros adultos y más de 1.000 ejemplares en fase larvaria.",Y,"Centro de Cría en Cautividad de Anfibios Amenazados de la Sierra de Guadarrama (Alytes obstetricans). https://www.parquenacionalsierraguadarrama.es/es/blogs/sos-anfibios/item/14-blog-sos-anfibios-01
[https://www.parquenacionalsierraguadarrama.es/es/blogs/sos-anfibios/item/14-blog-sos-anfibios-01]
El Centro de Cría en Cautividad de Anfibios Amenazados de la Sierra de Guadarrama fue constituido en el año 2008 por el equipo de investigación del antiguo Parque Natural de la Cumbre, Circo y Lagunas de Peñalara (en la actualidad, del Parque Nacional de la Sierra de Guadarrama) y la Consejería de Medio Ambiente de la Comunidad de Madrid, como respuesta al brote de quitridiomicosis del año 1997, que diezmó las poblaciones de anfibios en el Macizo de Peñalara. 
Ante la posibilidad de que Alytes obstetricans (sapo partero común) desapareciera completamente del Macizo de Peñalara, y ante la imposibilidad de eliminar el hongo patógeno causante de la quitridiomicosis del medio, se puso en marcha este centro de cría con el fin de: 1) mantener una población cautiva de sapo partero común de Peñalara; 2) contar con una fuente de ejemplares de sapo partero común para posteriores reintroducciones en el medio natural; y 3) disponer de ejemplares para desarrollar métodos de mitigación de la enfermedad.
El centro consta de una sala de larvas que alberga 40 tanques de 80 litros donde las larvas son mantenidas hasta la metamorfosis. En esta sala la temperatura se mantiene baja todo el año (menor de 18º C) para prolongar el desarrollo larvario lo más posible, y generar así individuos metamórficos grandes que son más fáciles de alimentar. Por el contrario, la sala de adultos se mantiene a una temperatura elevada (21º C) que acelera el crecimiento de los animales e impide el desarrollo de la quitridiomicosis. Aquí los ejemplares se mantienen en recipientes colectivos con capacidad para unos 20 individuos, hasta que alcanzan un cierto tamaño y son trasladados a otros recipientes individuales. En el exterior del Centro existe una instalación de cría donde los individuos reproductores pasan la primavera y el verano.
Desde el Centro de Cría en Cautividad se ha conseguido reducir los niveles de infección en algunas lagunas del Parque Nacional tras los trabajos de control realizados en los últimos tres años. Para ello ha sido necesario retirar miles de larvas de salamandra de las lagunas tras el verano, ya que esta especie es portadora y transmisora del patógeno, evitando así su proliferación durante el invierno, cuando el sistema inmunitario de los anfibios se encuentra prácticamente detenido.
Cuando se comenzó el programa de cría de esta especie en el año 2008 quedaban en el macizo de Peñalara menos de 100 ejemplares. Durante el último año se han introducido un total de 75 sapos parteros adultos y más de 1.000 ejemplares en fase larvaria."
ES,1216,Rana iberica,,Rana patilarga,2013-2018,"Hoya de Pepe Hernando y Macizo de Peñalara, Zona Especial de Conservación ES3110002: Cuenca del río Lozoya y Sierra Norte. Se han liberado unas 1.000 ranas patilargas.",Y,Centro de Cría en Cautividad de Anfibios Amenazados de la Sierra de Guadarrama (Rana iberica). https://www.parquenacionalsierraguadarrama.es/es/blogs/sos-anfibios/item/14-blog-sos-anfibios-01https://www.parquenacionalsierraguadarrama.es/es/blogs/sos-anfibios/item/14-blog-sos-anfibios-01
SE,1088,Cerambyx cerdo,,Great Capricorn beetle (Swedish name Större ekbock),2018-2019,"Two Swedish Natura-2000 sites: Björnö (SE0330099) and Tromtö-Almö (SE0410042). In 2018, 10 males and 20 females were reintroduced at Björnö, and 8 males and 18 females in Tromtö-Almö. More is planned to follow in 2019 and later.",Unk,"Reintroductions are part of the Life-project “Bridging the gap”. An evaluation can start in 2023, due to the length of the larval period of the beetle. A film (6,5 min, in Swedish with English text) about the work done within the Swedish national conservation programme for Cerambyx cerdo will be produced and presented during spring 2019. Cerambyx cerdo larvae are reared in the lab at Nordens ark (se: www.nordensark.se). During reintroduction a majority of the adult released individuals is protected from predation in cages mounted on the focal oak trees. More information can be found on the internet: www.lifebridgingthegap.se or on Facebook “Life bridging the gap”. At the time of reporting (2019), the County Administrative Board of Kalmar can give further details, email: kalmar(a)lansstyrelsen.se."
SE,6997,Bufotes viridis,"Bufotes variabilis (Pallas, 1769), Bufo viridis Laurenti, 1768 (pro parte)","Grönfläckig padda (Swedish), Green toad (English)",2003-2018,"Öland, Kalmar county, Sweden. During 2013-18, 4258 toadlets and 17 000 eggs in Högby hamn. In 2018, Gammelsby sjömarker NR, about 250 toadlets. 2013-18 in Ottenby, 4732 toadlets. In 2003-2006 in the Horn area, 3330 toadlets introduced (unsuccessful).",Unk,"Reintroduction ended at the Horn-area in 2006 because of heavy predation  from Noble crayfish (Astacus astacus), Grass snake (Natrix natrix) and newts (Triturus cristatus and Lissotriton vulgaris). 

At Ottenby reproduction was confirmed already in 2010, but the population was not stable. Still in 2018 a small number of calling males were recorded, but reproduction is weak. We consider predation to be a major reason why the reintroduction has failed, other factors may have contributed.

At Högby hamn very few toads have been observed. The translocation of eggs in 2014 was unsuccessful as the tadpoles did not develop into toads. 

Reintroduction at Gammelsby started in 2018, and it is far too early to say if the reintroduction has been successful."
IT,4096,Gladiolus palustris,,Gladiolo palustre,2017,"a) Luogo: Monte Barro (Site Code: IT2030003) – lungo il Sentiero Botanico del Monte Barro (long. 9.372619; lat. 45.831988) 
b) Numero di individui: 300",Unk,Reintroduzione sperimentale; messi a dimora bulbi di 1 anno
IT,1428,Marsilea quadrifolia,,Trifoglio acquatico comune,2017,"a) Luogo: ZSC Garzaia del Bosco Basso 
b) Numero di individui: 0,72 mq",Unk,reintroduzione
IT,1428,Marsilea quadrifolia,,Trifoglio acquatico comune,2017,"a) Luogo: ZSC Palude Loja 
b) Numero di individui: 0,10 mq",Unk,"Reintroduzione; alla verifica dopo 12 mesi l’esito dell’intervento appare positivo, ma ci si riserva di acquisire ulteriori informazioni sulla base di monitoraggi già programmati almeno per il 2019"
IT,1374,Rupicapra pyrenaica ornata,,Camoscio appenninico,2013,"a) Luogo: Monte Sirente nel Parco Naturale Regionale Sirente Velino 
b) Numero di indivisui: 25 reintrodotti - attività in corso",Y,L’avvio della reintroduzione è stato condotto nell’ambito del Progetto Life “Cornata” (LIFE 09/NAT/IT000183)
EE,6284,Epidalea calamita,,kõre,2013-2018,"Kumari islet, Harilaid penninsula, Saastna coastal meadow, Hara coastal meadow; approximately 600 individuals",Unk,
UK,6284,Epidalea calamita,,Natterjack toad,1996-2012,"Gronant and Talacre, North Wales. Each release project receives translocated spawn over a period of three years to establish the new population.",Y,"This species became extinct in Wales circa 1961. The translocation contributes to the restoration of the historic range of the species. Natterjack toads were subject to re-introduction from circa1996 to 2018.  There has been a very successful translocation in Gronant and Talacre (North Wales).  Populations here form part of the Irish Sea population which supports around 70% of the UK’s natterjack population.  There has been a recent expansion of range into the Dee Estuary (point of Ayr Colliery Site) via spawn strings (n=10,000+).   For more information see Beebee, T and Buckley J. (2012). Natterjacks in Britain 1990-2009 Amphibian and Reptile Conservation; Sand Lizard and Natterjack Toad Recovery Project 2009 – 2011 Amphibian and Reptile Conservation CCW Contract Science Report No 963. See https://naturalresources.wales/about-us/news-and-events/blog/filming-natterjack-toads-with-springwatch/?lang=en."
UK,6981,Pelophylax lessonae,,Pool frog,2008,"Continued reintroduction location: Nr. Thetford, Norfolk, England. Movement of individuals from release site 1 to release site 2.",Y,The reintroduction has been a success in that the species is still present and slowly establishing itself on the site despite the high mortality rates naturally experienced by amphibians.  Regular breeding has occurred and translocation from individuals from original release site to second site within Norfolk. See http://publications.naturalengland.org.uk/publication/107002?category=300%2014
UK,1341,Muscardinus avellanarius,,Common dormouse,1994,"Continued reintroduction 
853 individuals release since 1994.",Y,Reintroduction into areas lost from reported range. Evidence of dispersal from release woodlands into other surrounding woodlands.
UK,1058,Maculinea arion,,Large blue butterfly,1984-2017,"Continued reintroductions 
2017 Painswick Beacon, Cotswolds.",Y,"The large blue reintroduction has been a great success and it is now either established or in the process of becoming established at 5 sites in both the Cotswolds (Gloucestershire) and the Poldens (Somerset). Annual monitoring of eggs is the standard monitoring technique and, allowing for the inevitable weather-related peaks and troughs, the total number has been steadily increasing and in 2017 a record 427,265 eggs (total for all sites) were counted."
UK,1261,Lacerta agilis,,Sand lizard,1995-2012,"Morfa Harlech, Aberdovey, Ynys Las, Gronant and Talacre, Wales.  Each release project receives circa 150 juvenile captive bred lizards over a period of three years to establish the new population.",Y,"Sand lizards were subject to reintroduction in Wales as part of the UK Species Recovery Project/UKBAP process from 1995 onwards.  See Sand Lizard and Natterjack Toad Recovery Project 2009 – 2011 Amphibian and Reptile Conservation, CCW Contract Science Report No 963."
PT,1362,Lynx pardinus,,Lince-Ibérico,2014-2018,"a) Vale do Guadiana
b) 35",Y,
PT,1679,Myosotis maritima,,Não-me-esqueças,2014-2015,"a) Morro de Castelo Branco (ZEC Morro de Castelo Branco – PTFAI0007)
b) 90",N,
PT,1580,Frangula azorica,,Sanguinho,2015-2016,"a) Ilha Graciosa
b) 12",Unk,
LT,1220,Emys orbicularis,,Balinis v?žlys,2014-2015,"128 individuals released in Southern Lithuania, to 9 different water ponds, during LIFE project ""ECONAT - Development of Pilot Ecological Network through Nature Frame Areas in Southern Lithuania"".",Unk,"In 2014, 101 young turtles were released to the wild. Young turtle of each clutch released in places, where the eggs were collected. 27 weaker turtle juveniles stayed in the Lithuanian Zoological Garden and released to the wild in the summer of 2015."
LT,1203,Hyla arborea,,Europin? medvarl?,2011-2013,"2799 young tree frogs were reared and realeased in 3 years in Southern Lithuania to 10 different water ponds, during LIFE project ""ECONAT - Development of Pilot Ecological Network through Nature Frame Areas in Southern Lithuania"".",Y,"10% of the froglets were released to the parental population to avoid reduction of population because of egg extraction. The other froglets were released in the other parts of the ecological network, 10 water bodies in total. The sites for release were chosen so that released animals would strengthen different parts of the tree-frog population, especially its Northern part. The froglets were released to the restored or newly created habitats. 3 years after the release, tree-frogs were observed in the newly created ponds, where they had not been observed previously. This suggests that rearing activities were successful – the tree-frogs found their place in the newly created habitats, expanded the range of the population and contributed to the greater connectivity between sub-populations."
LV,1220,Emys orbicularis,,Purva bru?urupucis,2014-2015,"Nature park ""Silene"", 62 adult specimens",Y,During 2014 in Nature Park "Silene" 42 adult individuals were reintroduced and later 20 specimens were added to population. On 2018 during monitoring 18 specimens and egg laying reported.
LV,1188,Bombina bombina,,sarkanv?dera ugunskrupis,2014-2018,"Nature park ""Silene"" and its surrounding, 2500-3000 tadpole and juvenile individuals",Y,During monitoring on 2018 ~100 vocalising males reported on project site area.
DE,1048,Aeshna viridis,Aeshna viridis,Grüne Mosaikjungfer,2018-2018,"Gemarkung Ihlowerfehn, Flur 6, Flurstück 18/5 und 18/2; Gemarkung Westersander, Flur 8, Flurstück 34/2; Gemarkung Engerhafer Meede, Flur 2, Flurstück 66 1",Unk,"BUND-Projekt, indirekte Wiederansiedelung durch Anlage von Krebsscherengewässern und Schaffung von Grabentaschen, anschließende Beimpfung mit Krebsscheren"
DE,1617,Angelica palustris,Angelica palustris,Sumpf-Engelwurz,2014-2015,DE2551-373 900,N,
DE,1617,Angelica palustris,Angelica palustris,Sumpf-Engelwurz,2014-2018,"Dargitz, Süßer Grund 1",Unk,Anzahl wird 2018 ermittelt
DE,1617,Angelica palustris,Angelica palustris,Sumpf-Engelwurz,2016-2017,Pasewalk 3500,Unk,
BG,1057,Parnassius apollo,,?????? ??????,2013-2014,"Vitosha mountain (Vitosha Nature Park, Natura 2000 site BG0000113), 128 individuals - 93 female and 35 male",Y,"The reintroduction was done under project “Implementation of priority activities included in the management plan of Vitosha Nature Park  – Phase II”, financed by Operational Programme Environment 2007 – 2013 and implemented by  Vitosha Nature Park Directorate. The specimens were taken from the Western Rhodopes region - a total of 33 specimens, of which 31 were female and 2 were male.
They were kept first in a controlled environment and then released after successful adaptation. Through artificial breeding, 280 larvae were hatched and raised, of which, after passing through the 5 stages 220 individuals cocooned successfully."
BG,1371,Rupicapra rupicapra balcanica,,????????? ???? ????,2014-2014,"Vitosha mountain (Vitosha Nature Park, Natura 2000 site BG0000113), 10 individuals",Y,"The reintroduction was done under project “Implementation of priority activities included in the management plan of Vitosha Nature Park – Phase II”, financed by Operational Programme Environment 2007 – 2013 and implemented by  Vitosha Nature Park Directorate.  Completion of the Balkan Chamois Restoration Program on the territory of Vitosha Nature Park - continuation of previous reintroduction for stabilization of the population. The animals were first kept in controlled conditions on site and then released after adaptation."
SE,6997,Bufotes viridis,"Bufotes variabilis (Pallas, 1769), Bufo viridis Laurenti, 1768 (pro parte)","Grönfläckig padda (Swedish), Green toad (English)",1996-2018,"Skåne county, Sweden. During the period 2013-2018 introductions have taken place at Brantevik in 2013 with 	7000 toalets and in 2014 with 	14 000 eggs and 4 000 larvae.",Y,"The reintroduction scheme at Brantevik has been successful. A viable population has been established with 45 reproducing females (2016). In Skåne county, translocations of green toad have been carried out for several purposes between 1996 and 2018. In 1996 a reintroduction scheme started along the Öresund coast (vicinity of Landskrona), the scheme has expanded and in 2017 reintroductions were carried out also at Sundvik and Lernacken along the Öresund coast, and at Brantevik along the Baltic Sea coast. In addition the population at Klagshamn has been reinforced on several occasions.  More information can be given by the County Administrative Board of Skåne (skane@lansstyrelsen.se)."
BG,1371,Rupicapra rupicapra balcanica,,????????? ???? ????,2013-2014,"Western part of Stara Planina (Balkan mountain) near the village of Chuprene (Natura 2000 site BG0001040), 8 individuals",Unk,The reintroduction was done under project “Reintroduction of the Balkan Chamois to the Western Balkan Mountain” financed by Operational Programme Environment 2007 – 2013 and implemented by Municipality of Chuprene. The animals were first kept in a controlled conditions on site and then released after adaptation.
BG,1032,Unio crassus,,??????? ????,2014-2014,"Lesnovska river near the village of Negovan, 250 individuals",Unk,The reintroduction was done under project BG161PO005-3.0.07-0042-C0001 financed by Operational Programme Environment 2007 – 2013 and implemented by Municipality of Sofia. http://umispublic.government.bg/srchProjectInfo.aspx?id=59515
BG,1516,Aldrovanda vesiculosa,,???????? ??????????,2014-2014,"Lesnovska river near the village of Negovan, 80 individuals",Unk,The reintroduction was done under project BG161PO005-3.0.07-0042-C0001 financed by Operational Programme Environment 2007 – 2013 and implemented by Municipality of Sofia. http://umispublic.government.bg/srchProjectInfo.aspx?id=59515
BG,1335,Spermophilus citellus,,?????????? ???????,2013-2015,"Nature Park Bulgarka, Natura 2000 site BG0000399, 149 ind. In total for the period",Unk,"The reintroduction activities were implemented under project DIR-5113326-8-102 financed by Operational Programme Environment 2007 – 2013 and implemented by Bulgarka Nature Park Directorate. http://umispublic.government.bg/srchProjectInfo.aspx?id=66176
The translocation could be considered successful, as the animals formed a colony and there were signs of reproduction. 
Koshev Y, Kachamakova M, Arangelov S, Ragyov D (2019) Translocations of European ground squirrel (Spermophilus citellus) along altitudinal gradient in Bulgaria – an overview. Nature Conservation 35: 63–95. https://doi. org/10.3897/natureconservation.35.30911"
LU,1193,Bombina variegata,,Onk,2016-2018,"Feulen - Warkdall; 2016: 406 juveniles, 2017: 546 juveniles & 2018: 85 juveniles",Unk,In captivity reared offspring of adults originating from neighbouring regions have been reintroduced in new sites; no exchange with remaining populations with low numbers
LU,1193,Bombina variegata,,Onk,2017-2018,Koerich - Siegelsriech; 2017: 430 juveniles & 2018: 297 juveniles,Unk,In captivity reared offspring of adults originating from neighbouring regions have been reintroduced in new sites; no exchange with remaining populations with low numbers
LU,1203,Hyla arborea,,Heckefräsch,2011-2014,"Bertrange - Zéiwelt; after a first release in 2012, further releases in 2013: 250 juveniles & 2014: 190 juveniles",Y,"In captivity reared offspring of adults originating from neighbouring regions have been reintroduced in new sites; no exchange with remaining populations with low numbers; reintroduction seems successful as natural reproduction detected, population numbers are increasing and individuals are spreading out"
LU,1203,Hyla arborea,,Heckefräsch,2011-2014,"Everlange - Bei de Weiden; after releases in 2011 & 2012, further releases in 2013: 600 juveniles & 2014: 180 juveniles",Unk,In captivity reared offspring of adults originating from neighbouring regions have been reintroduced in new sites; no exchange with remaining populations with low numbers; natural reproduction detected but decreasing numbers are monitored
ES,1220,Emys orbicularis,,Galápago europeo,2013-2018,Zona Especial de Conservación ES3110004: Cuenca del río Manzanares. Varias decenas de individuos.,Y,"Proyecto del Grupo de Rehabilitación de la Fauna Autóctona y su hábitat (GREFA) para la recuperación de Emys orbicularis (galápago europeo) en la Comunidad de Madrid.
[http://www.grefa.org/proyectosgrefa/94-notas-de-prensa/969-se-liberan-galapagos-europeos-en-la-comunidad-de-madrid-para-reforzar-la-poblacion-de-uno-de-los-reptiles-mas-amenazados-de-espana]
[http://www.grefa.org/55-proyectos/tortugas-y-galapagos-en-grefa/conservacion-del-galapago-europeo-en-la-comunidad-de-madrid/3127-nueva-liberacion-de-galapagos-europeos-en-la-comunidad-de-madrid]
Con el apoyo entre otros de la Consejería de Medio Ambiente y Ordenación del Territorio y los Agentes Forestales de la Comunidad de Madrid, GREFA está realizando un proyecto de conservación y recuperación de galápago europeo en la Comunidad de Madrid (Proyecto EMYS GREFA). El proyecto incluye un programa de investigación aplicada a la conservación con el objetivo de la recuperación de la especie en su hábitat natural mediante la reintroducción de ejemplares y el reforzamiento de las poblaciones.
GREFA dispone de una población cautiva de galápago europeo compuesta por al menos 25 animales recuperados, que conforman un núcleo reproductor. La mayoría de estos individuos proceden de cautividad, siendo inviable su reintroducción en la naturaleza. No obstante, este núcleo reproductor cautivo cría de forma autónoma y controlada, realizándose generalmente la incubación de forma natural, y dejando las puestas en recintos exteriores hasta la eclosión de los huevos. Cuando la puesta no ha sido realizada en condiciones óptimas, o si se trata de un rescate de huevos, la incubación se realiza de forma controlada mediante incubadoras. Un vez que las crías emergen del nido, son revisadas y alojadas en instalaciones interiores, iniciándose así un programa de condiciones óptimas de crecimiento y desarrollo de las crías, gracias al cual se asegura una mayor tasa de supervivencia de los juveniles liberados.
Mediante un programa de voluntariado, en 2012 se inició una serie de trabajos de campo para la caracterización de diferentes ecosistemas acuáticos y la detección de posibles puntos de reintroducción. En el trabajo de campo se estudiaron factores como las comunidades de macrófitos acuáticos, la calidad de las aguas, etc.
Desde el año 2012, con los individuos nacidos en cautividad y previa autorización de la Consejería de Medio Ambiente y Ordenación del Territorio de la Comunidad de Madrid, GREFA ha realizado la reintroducción de varias decenas de individuos de galápago europeo en espacios de la red Natura 2000 de la Comunidad de Madrid, en particular, en la Zona Especial de Conservación de la Cuenca del río Manzanares, y en el entorno del Parque Regional de la Cuenca Alta del Manzanares."
ES,1217,Testudo hermanni,,Tortuga mediterránea,2013-2018,ES0000023 LIC L'Albufera (1036 ejemplares); ES5223036 LIC Serra d'Irta (152 ejemplares),Unk,"Reintroducción exitosa en LIC Serra d'Irta, y demasiado pronto apara asegurarlo en el LIC L'Albufera"
IT,5358,Hyla intermedia,,Raganella,2010-2015,"a) Luogo: Gravine di matera 
b) Numero di individui: 600",Unk,
IT,1167,Triturus carnifex,,Tritone crestato italiano,2010-2015,"a) Luogo: Gravine di Matera 
b) Numero di individui: 800",Unk,
IT,6956,Lissotriton italicus,Triturus italicus,Tritone italico,2010-2015,"a) Luogo: Gravine di Matera 
b) Numero di individui: 2000",Unk,
IT,1217,Testudo hermanni,,Testuggine,2010-2015,"a) Luogo: Gravine di Matera 
b) Numero di individui: 59",Unk,
ES,1356,Mustela lutreola,,Visón europeo,2018,Desembocadura del río Najerilla en el río Ebro. Suelta de 8 individuos (6 hembras y 2 machos).,Unk,"Se han liberado entre el 12 y el 20 de septiembre 8 visones europeos: 6 hembras y 2 machos, en el entorno de la desembocadura del río Najerilla: ZEC Sotos y Riberas del Ebro (ES2300006)
- El 12 de septiembre dos machos: Lenito y Laminero (2 años de edad, nacidos en La Alfranca en 2017). 
- El 14 de septiembre cuatro hembras, madre Kala y sus hijas Najera, Nieva y Nela. 
- El 20 de septiembre dos crías hembras Nalda y Neila.
Todos los ejemplares, proceden de El Pont de Suert y de FIEB, y se alojaron en los jaulones de presuelta en La Alfranca (donde nació una camada), Sendaviva y La Fombera. En todos los sitios, se ha realizado aprendizaje individual separando las camadas durante aproximadamente un mes previa a la liberación y aportando presa viva.  
 Antes de la liberación se colocaron emisores a todos los ejemplares para poder evaluar su adaptación en el medio natural. Se utilizó el mismo modelo de emisor que el año pasado en Aragón y Gipuzkoa y este año en Álava. Lo único que debido a las heridas detectadas en varios ejemplares el año pasado en Gipuzkoa y este año en Álava. En La Rioja se sustituyó la cinta original del collar con una cinta de tela y se trampeó al mes y se comprobó que no había heridas. 
En este caso la liberación se ha realizado mediante una suelta ""semi dura"" donde se trasladaron los visones en su caja nido al río y se proporcionó una pequeña cantidad de la comida (para un día). Los puntos de liberación fueron distribuidos en un tramo de menos de 1 km de río. Las cajas nido se retiraron en 2-3 días cuando se observó que los visones ya estaban utilizando refugios naturales.
Los resultados obtenidos con el radioseguimiento más el trampeo indicaron que al menos 6 ejemplares seguían vivos un mes después de la liberación y 2 estaban perdidos. Al menos 3 ejemplares sobrevivieron 2 meses. No hemos encontrado ningún ejemplar muerto. 
Todos los ejemplares se han adaptado bien. Algunos ejemplares como Nalda, Lenito y Laminero han salido del río a veces durante el periodo de seguimiento para cazar conejos y ratas de agua, posteriormente estos ejemplares se han localizado en el río. El resto de ejemplares siempre se localizaron cerca del agua (ríos, canales...). La adaptación al medio natural ha sido exitosa, pero el impacto de esta acción sobre la población en el medio natural se evaluará en un futuro después de varios periodos reproductivos."
ES,1356,Mustela lutreola,,Visón europeo,2017-2017,ZEPA Leitzaran ibaia/Río Leitzaran (ES2120013); 11 individuos,N,Después de 4 meses de la reintroducción: 1 vivo; 6 muertos; 4 perdidos
ES,1362,Lynx pardinus,,Lince ibérico,2014-2018,Sierra Morena Oriental: 35 indiviudos; Montes de Toledo: 35 individuos,Unk,
SE,1973,Saxifraga osloensis,,Hällebräcka (Swedish name),2018-2018,"Kvarteret Gullvivan, Arboga, County of Västmanland, Sweden. Seeds from 50 individuals, impossible to say exactly how many, but estimated 2000 seeds.",Unk,"The seeds used were taken 2 km away, by authorised derogation from the strict species protection. The location for the reintroduction is known to have hosted the species before. The land owners (both where the seeds were collected and planted) were informed and positive to the measure."
PT,1653,Picconia azorica,,Pau branco,2015-2018,"a) Ilha Graciosa
b) 56",Unk,
PT,7001,Prunus azorica,Prunus lusitanica ssp. Azorica,"Gija, Ginjeira, Ginja-do-mato",2015-2016,"a) Ilha Graciosa
b) 39",Unk,
PT,6986,Sideroxylon mirmulans,,Marmulano,2014-2015,"a) Ilhéu de Cima (Porto Santo)
b) 27",Y,No âmbito do Projeto LIFE Ilhéus do Porto Santo
PT,1620,Monizia edulis,,,2014,"a) Ilhéu das Cenouras (Porto Santo)
b) 18",Y,No âmbito do Projeto LIFE Ilhéus do Porto Santo
PT,1541,Sorbus maderensis,,Sorveira,2014-2017,"a) Maciço Montanhoso Oriental da Madeira
b) 20",Y,No âmbito do Projeto LIFE Maciço Montanhoso
PT,1484,Berberis maderensis,,Ameixieira-de-espinho,2014-2017,"a) Maciço Montanhoso Oriental da Madeira
b) 85",Y,No âmbito do Projeto LIFE Maciço Montanhoso
PT,1680,Echium candicans,,Massaroco,2014-2017,"a) Maciço Montanhoso Oriental da Madeira
b) 713",Y,No âmbito do Projeto LIFE Maciço Montanhoso
PT,1612,Melanoselinum decipiens,,Aipo-do-gado,2014-2017,"a) Maciço Montanhoso Oriental da Madeira
b) 179",Y,No âmbito do Projeto LIFE Maciço Montanhoso
BG,1335,Spermophilus citellus,,?????????? ???????,2013-2016,"Vrachanski Balkan Nature Park, SCI BG0000166 (overlapping SPA BG0002053), in the area Smilyovitsa, 91 individuals in 2013-2014 and 132 ind. in total for the whole period",Unk,"The main reintroduction activities were implemented under project DIR-5113326-10-108 financed by Operational Programme Environment 2007 – 2013 and implemented by Vrachanski Balkan Nature Park Directorate. http://vr-balkan.net/bg/direktsiya-na-priroden-park-vrachanski-balkan-zapochva-izpalnenieto-nov-proekt-po-operativna-programa-okolna-sreda-2007-2013g1/
 The monitoring shows that so far (6 years later) the reintroduction is successful. According to initial data, the colony of the species is in good condition and its area is increasing.
Koshev Y, Kachamakova M, Arangelov S, Ragyov D (2019) Translocations of European ground squirrel (Spermophilus citellus) along altitudinal gradient in Bulgaria – an overview. Nature Conservation 35: 63–95. https://doi. org/10.3897/natureconservation.35.30911"
BG,1335,Spermophilus citellus,,?????????? ???????,2011-2016,"Kotlenska planina, SCI BG0000117 (overlapping SPA BG0002029), 309 ind. in total for the period",Unk,"In 2011, the Fund for Wild Flora and Fauna started a program aiming at restoring the European Ground Squirrel.
Due to the fact that new holes were found and juveniles observed, reintroduction can be considered successful.

Koshev Y, Kachamakova M, Arangelov S, Ragyov D (2019) Translocations of European ground squirrel (Spermophilus citellus) along altitudinal gradient in Bulgaria – an overview. Nature Conservation 35: 63–95. https://doi. org/10.3897/natureconservation.35.30911

Stefanov, V., E. Stoynov, L. Bonchev and S. Stanchev. 2016. Restoration of the European ground squirrel in Kotlenska planina. – Annuaire de l’Université de Sofia „St. Kliment Ohridski“, Faculte de Biologie, First National Conference of Reintroduction of Conservation-reliant Species, Sofia 2015, University Press 2016, 101: 166 – 170."
